{"count":1,"self":1850.2606847999998,"total":7164.225915,"children":{"InitializeActuators":{"count":2,"self":0.0020759999999999997,"total":0.0020759999999999997,"children":null},"InitializeSensors":{"count":2,"self":0.002559,"total":0.002559,"children":null},"AgentSendState":{"count":8739997,"self":40.542390399999995,"total":69.94945,"children":{"CollectObservations":{"count":437001,"self":2.925985,"total":2.925985,"children":null},"WriteActionMask":{"count":437001,"self":1.462807,"total":1.462807,"children":null},"RequestDecision":{"count":437001,"self":3.3432269999999997,"total":25.018269,"children":{"AgentInfo.ToProto":{"count":437001,"self":5.2198031999999994,"total":21.675041999999998,"children":{"GenerateSensorData":{"count":437001,"self":16.4552384,"total":16.455239,"children":null}}}}}}},"DecideAction":{"count":8739997,"self":5195.8501375999995,"total":5195.8503169999994,"children":null},"AgentAct":{"count":8739997,"self":48.158502399999996,"total":48.158502999999996,"children":null}},"gauges":{},"metadata":{"timer_format_version":"0.1.0","start_time_seconds":"1650937890","unity_version":"2020.3.19f1","command_line_arguments":"\/Users\/aditya\/Documents\/GitHub\/game_creation_research\/Object Physics Sandbox\/Code\/..\/Builds\/Gym_View_25April22_server.app\/Contents\/MacOS\/Object Physics Sandbox --mlagents-port 5008","communication_protocol_version":"1.5.0","com.unity.ml-agents_version":"2.2.1-exp.1","scene_name":"CompleteView","end_time_seconds":"1650945054"}}