{"count":1,"self":73.5881088,"total":123.32236499999999,"children":{"InitializeActuators":{"count":1,"self":0.001941,"total":0.001941,"children":null},"InitializeSensors":{"count":1,"self":0.0038079999999999998,"total":0.0038079999999999998,"children":null},"AgentSendState":{"count":99801,"self":0.82041599999999992,"total":1.387144,"children":{"CollectObservations":{"count":4991,"self":0.043123999999999996,"total":0.043123999999999996,"children":null},"WriteActionMask":{"count":4991,"self":0.021908999999999998,"total":0.021908999999999998,"children":null},"RequestDecision":{"count":4991,"self":0.087881,"total":0.501695,"children":{"AgentInfo.ToProto":{"count":4991,"self":0.092116999999999991,"total":0.41381399999999996,"children":{"GenerateSensorData":{"count":4991,"self":0.321697,"total":0.321697,"children":null}}}}}}},"DecideAction":{"count":99801,"self":44.715503999999996,"total":44.715503999999996,"children":null},"AgentAct":{"count":99801,"self":3.581676,"total":3.623487,"children":{"AgentInfo.ToProto":{"count":762,"self":0.013377,"total":0.041811,"children":{"GenerateSensorData":{"count":762,"self":0.028433999999999997,"total":0.028433999999999997,"children":null}}}}}},"gauges":{"PlaceAndShoot.CumulativeReward":{"count":762,"max":0,"min":-18.0708427,"runningAverage":-0.528755248,"value":-3.581066,"weightedAverage":-1.00872254}},"metadata":{"timer_format_version":"0.1.0","start_time_seconds":"1650550637","unity_version":"2020.3.19f1","command_line_arguments":"\/Applications\/Unity\/Hub\/Editor\/2020.3.19f1\/Unity.app\/Contents\/MacOS\/Unity -projectpath \/Users\/aditya\/Documents\/GitHub\/game_creation_research\/Object Physics Sandbox -useHub -hubIPC -cloudEnvironment production -licensingIpc LicenseClient-aditya -hubSessionId 8330b120-c17a-11ec-8b87-654271d13fbb -accessToken aIw3k1rD4zqzXP8gH3VxJGikEq_eKLGRyHBAJccWNQ4002f","communication_protocol_version":"1.5.0","com.unity.ml-agents_version":"2.2.1-exp.1","scene_name":"CompleteView","end_time_seconds":"1650550760"}}