{
    "name": "root",
    "metadata": {
        "timer_format_version": "0.1.0",
        "start_time_seconds": "1650466205",
        "python_version": "3.8.2 (default, Mar 26 2020, 10:43:30) \n[Clang 4.0.1 (tags/RELEASE_401/final)]",
        "command_line_arguments": "/opt/anaconda3/envs/introml_conda/bin/mlagents-learn /Users/aditya/Documents/GitHub/game_creation_research/Object Physics Sandbox/Code/configs/train.yaml --run-id LearnToBucket --num-envs=1 --force",
        "mlagents_version": "0.28.0",
        "mlagents_envs_version": "0.28.0",
        "communication_protocol_version": "1.5.0",
        "pytorch_version": "1.8.1",
        "numpy_version": "1.20.3",
        "end_time_seconds": "1650466484"
    },
    "total": 278.691300022,
    "count": 1,
    "self": 0.006565450999971745,
    "children": {
        "run_training.setup": {
            "total": 0.3139820179999999,
            "count": 1,
            "self": 0.3139820179999999
        },
        "TrainerController.start_learning": {
            "total": 278.37075255300005,
            "count": 1,
            "self": 0.29409105299902194,
            "children": {
                "TrainerController._reset_env": {
                    "total": 13.511056111000002,
                    "count": 1,
                    "self": 13.511056111000002
                },
                "TrainerController.advance": {
                    "total": 264.294877759001,
                    "count": 9667,
                    "self": 0.2688770110015639,
                    "children": {
                        "env_step": {
                            "total": 245.28738128400002,
                            "count": 9667,
                            "self": 228.42804583600017,
                            "children": {
                                "SubprocessEnvManager._take_step": {
                                    "total": 16.664936251999364,
                                    "count": 9667,
                                    "self": 0.7086399929981937,
                                    "children": {
                                        "TorchPolicy.evaluate": {
                                            "total": 15.95629625900117,
                                            "count": 8828,
                                            "self": 3.5712795270003284,
                                            "children": {
                                                "TorchPolicy.sample_actions": {
                                                    "total": 12.385016732000842,
                                                    "count": 8828,
                                                    "self": 12.385016732000842
                                                }
                                            }
                                        }
                                    }
                                },
                                "workers": {
                                    "total": 0.19439919600048938,
                                    "count": 9666,
                                    "self": 0.0,
                                    "children": {
                                        "worker_root": {
                                            "total": 199.61891860800006,
                                            "count": 9666,
                                            "is_parallel": true,
                                            "self": 50.04750247099878,
                                            "children": {
                                                "steps_from_proto": {
                                                    "total": 0.000538717999999605,
                                                    "count": 1,
                                                    "is_parallel": true,
                                                    "self": 0.00032749799999898244,
                                                    "children": {
                                                        "_process_rank_one_or_two_observation": {
                                                            "total": 0.00021122000000062258,
                                                            "count": 2,
                                                            "is_parallel": true,
                                                            "self": 0.00021122000000062258
                                                        }
                                                    }
                                                },
                                                "UnityEnvironment.step": {
                                                    "total": 149.57087741900128,
                                                    "count": 9666,
                                                    "is_parallel": true,
                                                    "self": 1.752218555997814,
                                                    "children": {
                                                        "UnityEnvironment._generate_step_input": {
                                                            "total": 1.1048621070020097,
                                                            "count": 9666,
                                                            "is_parallel": true,
                                                            "self": 1.1048621070020097
                                                        },
                                                        "communicator.exchange": {
                                                            "total": 140.78719019400066,
                                                            "count": 9666,
                                                            "is_parallel": true,
                                                            "self": 140.78719019400066
                                                        },
                                                        "steps_from_proto": {
                                                            "total": 5.9266065620007815,
                                                            "count": 9666,
                                                            "is_parallel": true,
                                                            "self": 3.9096827290008633,
                                                            "children": {
                                                                "_process_rank_one_or_two_observation": {
                                                                    "total": 2.016923832999918,
                                                                    "count": 19332,
                                                                    "is_parallel": true,
                                                                    "self": 2.016923832999918
                                                                }
                                                            }
                                                        }
                                                    }
                                                }
                                            }
                                        }
                                    }
                                }
                            }
                        },
                        "trainer_advance": {
                            "total": 18.73861946399944,
                            "count": 9666,
                            "self": 0.328997454999179,
                            "children": {
                                "process_trajectory": {
                                    "total": 2.122191640000235,
                                    "count": 9666,
                                    "self": 2.122191640000235
                                },