{
    "name": "root",
    "gauges": {
        "PlaceAndShoot.Policy.Entropy.mean": {
            "value": 1.2123836278915405,
            "min": 1.2123836278915405,
            "max": 1.2336450815200806,
            "count": 2
        },
        "PlaceAndShoot.Policy.Entropy.sum": {
            "value": 12139.59765625,
            "min": 10597.0107421875,
            "max": 12139.59765625,
            "count": 2
        },
        "PlaceAndShoot.Environment.EpisodeLength.mean": {
            "value": 9.204102564102564,
            "min": 6.750909090909091,
            "max": 9.204102564102564,
            "count": 2
        },
        "PlaceAndShoot.Environment.EpisodeLength.sum": {
            "value": 8974.0,
            "min": 7426.0,
            "max": 8974.0,
            "count": 2
        },
        "PlaceAndShoot.Step.mean": {
            "value": 49964.0,
            "min": 39951.0,
            "max": 49964.0,
            "count": 2
        },
        "PlaceAndShoot.Step.sum": {
            "value": 49964.0,
            "min": 39951.0,
            "max": 49964.0,
            "count": 2
        },
        "PlaceAndShoot.Policy.ExtrinsicValueEstimate.mean": {
            "value": -1.8140127658843994,
            "min": -1.8140127658843994,
            "max": -0.9284989833831787,
            "count": 2
        },
        "PlaceAndShoot.Policy.ExtrinsicValueEstimate.sum": {
            "value": -1862.9910888671875,
            "min": -1862.9910888671875,
            "max": -1042.704345703125,
            "count": 2
        },
        "PlaceAndShoot.Environment.CumulativeReward.mean": {
            "value": -1.1911277015067827,
            "min": -1.1911277015067827,
            "max": -0.6293088881061836,
            "count": 2
        },
        "PlaceAndShoot.Environment.CumulativeReward.sum": {
            "value": -1161.3495089691132,
            "min": -1161.3495089691132,
            "max": -692.2397769168019,
            "count": 2
        },
        "PlaceAndShoot.Policy.ExtrinsicReward.mean": {
            "value": -1.1911277015067827,
            "min": -1.1911277015067827,
            "max": -0.6293088881061836,
            "count": 2
        },
        "PlaceAndShoot.Policy.ExtrinsicReward.sum": {
            "value": -1161.3495089691132,
            "min": -1161.3495089691132,
            "max": -692.2397769168019,
            "count": 2
        },
        "PlaceAndShoot.Losses.PolicyLoss.mean": {
            "value": 0.2488643870307848,
            "min": 0.2428961414108315,
            "max": 0.2488643870307848,
            "count": 2
        },
        "PlaceAndShoot.Losses.PolicyLoss.sum": {
            "value": 21.65120167167828,
            "min": 18.703002888634025,
            "max": 21.65120167167828,
            "count": 2
        },
        "PlaceAndShoot.Losses.ValueLoss.mean": {
            "value": 30.72782935617163,
            "min": 15.957287892987846,
            "max": 30.72782935617163,
            "count": 2
        },
        "PlaceAndShoot.Losses.ValueLoss.sum": {
            "value": 2673.3211539869317,
            "min": 1228.7111677600642,
            "max": 2673.3211539869317,
            "count": 2
        },
        "PlaceAndShoot.Policy.LearningRate.mean": {
            "value": 0.0001651601139121609,
            "min": 0.0001651601139121609,
            "max": 0.00019298960709871426,
            "count": 2
        },
        "PlaceAndShoot.Policy.LearningRate.sum": {
            "value": 0.014368929910357998,
            "min": 0.014368929910357998,
            "max": 0.014860199746600997,
            "count": 2
        },
        "PlaceAndShoot.Policy.Epsilon.mean": {
            "value": 0.15505335632183906,
            "min": 0.15505335632183906,
            "max": 0.16432985714285714,
            "count": 2
        },
        "PlaceAndShoot.Policy.Epsilon.sum": {
            "value": 13.489641999999998,
            "min": 12.653399,
            "max": 13.489641999999998,
            "count": 2
        },
        "PlaceAndShoot.Policy.Beta.mean": {
            "value": 0.0005000000000000001,
            "min": 0.0005000000000000001,
            "max": 0.0005000000000000001,
            "count": 2
        },
        "PlaceAndShoot.Policy.Beta.sum": {
            "value": 0.04350000000000001,
            "min": 0.038500000000000006,
            "max": 0.04350000000000001,
            "count": 2
        },
        "PlaceAndShoot.IsTraining.mean": {
            "value": 1.0,
            "min": 1.0,
            "max": 1.0,
            "count": 2
        },
        "PlaceAndShoot.IsTraining.sum": {
            "value": 1.0,
            "min": 1.0,
            "max": 1.0,
            "count": 2
        }
    },
    "metadata": {
        "timer_format_version": "0.1.0",
        "start_time_seconds": "1650551761",
        "python_version": "3.8.2 (default, Mar 26 2020, 10:43:30) \n[Clang 4.0.1 (tags/RELEASE_401/final)]",
        "command_line_arguments": "/opt/anaconda3/envs/introml_conda/bin/mlagents-learn /Users/aditya/Documents/GitHub/game_creation_research/Object Physics Sandbox/Code/configs/train.yaml --run-id LearnToBucket --num-envs=1 --resume",
        "mlagents_version": "0.28.0",
        "mlagents_envs_version": "0.28.0",
        "communication_protocol_version": "1.5.0",
        "pytorch_version": "1.8.1",
        "numpy_version": "1.20.3",
        "end_time_seconds": "1650552434"
    },
    "total": 673.678892633,
    "count": 1,
    "self": 0.012626082999986465,
    "children": {
        "run_training.setup": {
            "total": 0.2357283109999999,
            "count": 1,
            "self": 0.2357283109999999
        },
        "TrainerController.start_learning": {
            "total": 673.430538239,
            "count": 1,
            "self": 0.8962884549998762,
            "children": {
                "TrainerController._reset_env": {
                    "total": 15.001671879,
                    "count": 1,
                    "self": 15.001671879
                },
                "TrainerController.advance": {
                    "total": 657.3388948020001,
                    "count": 28207,
                    "self": 0.8454354059965681,
                    "children": {
                        "env_step": {
                            "total": 607.5723334589972,
                            "count": 28207,
                            "self": 581.7618014740038,
                            "children": {
                                "SubprocessEnvManager._take_step": {
                                    "total": 25.23363730899222,
                                    "count": 28207,
                                    "self": 2.390125881989878,
                                    "children": {
                                        "TorchPolicy.evaluate": {
                                            "total": 22.84351142700234,
                                            "count": 25245,
                                            "self": 5.011503649010145,
                                            "children": {
                                                "TorchPolicy.sample_actions": {
                                                    "total": 17.832007777992196,
                                                    "count": 25245,
                                                    "self": 17.832007777992196
                                                }
                                            }
                                        }
                                    }
                                },
                                "workers": {
                                    "total": 0.5768946760010607,
                                    "count": 28206,
                                    "self": 0.0,