{
    "velocities": [
        {
            "x": -30.753036499023439,
            "y": 27.518749237060548,
            "z": 0.0
        },
        {
            "x": -2.527559995651245,
            "y": 17.899723052978517,
            "z": 0.0
        }
    ],
    "ballPositions": [
        {
            "x": 1.6737335920333863,
            "y": -4.131740570068359,
            "z": 0.0
        },
        {
            "x": -1.7861448526382447,
            "y": -4.131740570068359,
            "z": 0.0
        }
    ],
    "velocitiesCT": [
        88831492,
        313543926
    ],
    "ballPositionsCT": [
        88822936,
        313543465
    ],
    "objectPositionsCT": [
        88830795,
        313543922
    ],
    "foundObjectsTags": [
        "corner",
        "triangle",
        "bucket",
        "gear",
        "crate"
    ]
}