{
    "velocities": [
        {
            "x": 12.471582412719727,
            "y": 9.082283973693848,
            "z": 0.0
        },
        {
            "x": 18.746417999267579,
            "y": 14.993977546691895,
            "z": 0.0
        }
    ],
    "ballPositions": [
        {
            "x": 1.036385178565979,
            "y": -4.131740570068359,
            "z": 0.0
        },
        {
            "x": -4.358042240142822,
            "y": -4.131740570068359,
            "z": 0.0
        }
    ],
    "objectPositions": [
        {
            "x": 5.340000152587891,
            "y": -1.25,
            "z": 0.0
        },
        {
            "x": 5.340000152587891,
            "y": -1.25,
            "z": 0.0
        }
    ],
    "velocitiesCT": [
        77461064,
        114600841
    ],
    "ballPositionsCT": [
        77455279,
        114600458
    ],
    "objectPositionsCT": [
        77460405,
        114600818
    ],
    "foundObjectsTags": [
        "triangle"
    ]
}