{
    "name": "root",
    "metadata": {
        "timer_format_version": "0.1.0",
        "start_time_seconds": "1649954441",
        "python_version": "3.8.2 (default, Mar 26 2020, 10:43:30) \n[Clang 4.0.1 (tags/RELEASE_401/final)]",
        "command_line_arguments": "/opt/anaconda3/envs/introml_conda/bin/mlagents-learn --run-id learn_to_bucket --force",
        "mlagents_version": "0.28.0",
        "mlagents_envs_version": "0.28.0",
        "communication_protocol_version": "1.5.0",
        "pytorch_version": "1.8.1",
        "numpy_version": "1.20.3",
        "end_time_seconds": "1649954757"
    },
    "total": 316.444460675,
    "count": 1,
    "self": 0.007902949000026638,
    "children": {
        "run_training.setup": {
            "total": 0.25772280999999997,
            "count": 1,
            "self": 0.25772280999999997
        },
        "TrainerController.start_learning": {
            "total": 316.17883491599997,
            "count": 1,
            "self": 0.24483864200038852,
            "children": {
                "TrainerController._reset_env": {
                    "total": 8.9366584,
                    "count": 1,
                    "self": 8.9366584
                },
                "TrainerController.advance": {
                    "total": 306.7812513729996,
                    "count": 7611,
                    "self": 0.22003405499992823,
                    "children": {
                        "env_step": {
                            "total": 304.482933863,
                            "count": 7611,
                            "self": 290.5826139299991,
                            "children": {
                                "SubprocessEnvManager._take_step": {
                                    "total": 13.745244603000438,
                                    "count": 7611,
                                    "self": 0.6030970030008369,
                                    "children": {
                                        "TorchPolicy.evaluate": {
                                            "total": 13.142147599999602,
                                            "count": 6827,
                                            "self": 2.9998039999996386,
                                            "children": {
                                                "TorchPolicy.sample_actions": {
                                                    "total": 10.142343599999963,
                                                    "count": 6827,
                                                    "self": 10.142343599999963
                                                }
                                            }
                                        }
                                    }
                                },
                                "workers": {
                                    "total": 0.1550753300004466,
                                    "count": 7610,
                                    "self": 0.0,
                                    "children": {
                                        "worker_root": {
                                            "total": 237.21839990699982,
                                            "count": 7610,
                                            "is_parallel": true,
                                            "self": 27.481704773000445,
                                            "children": {
                                                "steps_from_proto": {
                                                    "total": 0.0005101700000000875,
                                                    "count": 1,
                                                    "is_parallel": true,
                                                    "self": 0.00031579800000081093,
                                                    "children": {
                                                        "_process_rank_one_or_two_observation": {
                                                            "total": 0.00019437199999927657,
                                                            "count": 2,
                                                            "is_parallel": true,
                                                            "self": 0.00019437199999927657
                                                        }
                                                    }
                                                },
                                                "UnityEnvironment.step": {
                                                    "total": 209.73618496399936,
                                                    "count": 7610,
                                                    "is_parallel": true,
                                                    "self": 1.3600470289995883,
                                                    "children": {
                                                        "UnityEnvironment._generate_step_input": {
                                                            "total": 0.8830042239996256,
                                                            "count": 7610,
                                                            "is_parallel": true,
                                                            "self": 0.8830042239996256
                                                        },
                                                        "communicator.exchange": {
                                                            "total": 203.05862583199956,
                                                            "count": 7610,
                                                            "is_parallel": true,
                                                            "self": 203.05862583199956
                                                        },
                                                        "steps_from_proto": {
                                                            "total": 4.434507879000581,
                                                            "count": 7608,
                                                            "is_parallel": true,
                                                            "self": 2.8543404380009036,
                                                            "children": {
                                                                "_process_rank_one_or_two_observation": {
                                                                    "total": 1.580167440999677,
                                                                    "count": 15216,
                                                                    "is_parallel": true,
                                                                    "self": 1.580167440999677
                                                                }
                                                            }
                                                        }
                                                    }
                                                }
                                            }
                                        }
                                    }
                                }
                            }
                        },
                        "trainer_advance": {
                            "total": 2.07828345499963,
                            "count": 7610,
                            "self": 0.2924901629998615,
                            "children": {
                                "process_trajectory": {
                                    "total": 1.7857932919997683,
                                    "count": 7610,
                                    "self": 1.7857932919997683
                                }
                            }
                        }
                    }
                },