{
    "name": "root",
    "metadata": {
        "timer_format_version": "0.1.0",
        "start_time_seconds": "1649954944",
        "python_version": "3.8.2 (default, Mar 26 2020, 10:43:30) \n[Clang 4.0.1 (tags/RELEASE_401/final)]",
        "command_line_arguments": "/opt/anaconda3/envs/introml_conda/bin/mlagents-learn --run-id learn_to_bucket --resume",
        "mlagents_version": "0.28.0",
        "mlagents_envs_version": "0.28.0",
        "communication_protocol_version": "1.5.0",
        "pytorch_version": "1.8.1",
        "numpy_version": "1.20.3",
        "end_time_seconds": "1649955149"
    },
    "total": 205.234171994,
    "count": 1,
    "self": 0.02046217899999192,
    "children": {
        "run_training.setup": {
            "total": 0.14867991400000014,
            "count": 1,
            "self": 0.14867991400000014
        },
        "TrainerController.start_learning": {
            "total": 205.065029901,
            "count": 1,
            "self": 0.15420267400023135,
            "children": {
                "TrainerController._reset_env": {
                    "total": 27.798308096,
                    "count": 1,
                    "self": 27.798308096
                },
                "TrainerController.advance": {
                    "total": 176.72648306099978,
                    "count": 5092,
                    "self": 0.14258744099902287,
                    "children": {
                        "env_step": {
                            "total": 175.16876324600076,
                            "count": 5092,
                            "self": 166.44883101000025,
                            "children": {
                                "SubprocessEnvManager._take_step": {
                                    "total": 8.620789282000334,
                                    "count": 5093,
                                    "self": 0.3932052469999441,
                                    "children": {
                                        "TorchPolicy.evaluate": {
                                            "total": 8.22758403500039,
                                            "count": 4519,
                                            "self": 1.843778088001045,
                                            "children": {
                                                "TorchPolicy.sample_actions": {
                                                    "total": 6.383805946999345,
                                                    "count": 4519,
                                                    "self": 6.383805946999345
                                                }
                                            }
                                        }
                                    }
                                },
                                "workers": {
                                    "total": 0.09914295400018247,
                                    "count": 5091,
                                    "self": 0.0,
                                    "children": {
                                        "worker_root": {
                                            "total": 104.55854736500042,
                                            "count": 5091,
                                            "is_parallel": true,
                                            "self": 17.738863686000585,
                                            "children": {
                                                "steps_from_proto": {
                                                    "total": 0.0013072259999997726,
                                                    "count": 2,
                                                    "is_parallel": true,
                                                    "self": 0.0007885820000002042,
                                                    "children": {
                                                        "_process_rank_one_or_two_observation": {
                                                            "total": 0.0005186439999995685,
                                                            "count": 4,
                                                            "is_parallel": true,
                                                            "self": 0.0005186439999995685
                                                        }
                                                    }
                                                },
                                                "UnityEnvironment.step": {
                                                    "total": 86.81837645299984,
                                                    "count": 5091,
                                                    "is_parallel": true,
                                                    "self": 0.8987757109997006,
                                                    "children": {
                                                        "UnityEnvironment._generate_step_input": {
                                                            "total": 0.6003755259997092,
                                                            "count": 5091,
                                                            "is_parallel": true,
                                                            "self": 0.6003755259997092
                                                        },
                                                        "communicator.exchange": {
                                                            "total": 82.44736929900013,
                                                            "count": 5091,
                                                            "is_parallel": true,
                                                            "self": 82.44736929900013
                                                        },
                                                        "steps_from_proto": {
                                                            "total": 2.871855917000296,
                                                            "count": 5091,
                                                            "is_parallel": true,
                                                            "self": 1.8563016390007512,
                                                            "children": {
                                                                "_process_rank_one_or_two_observation": {
                                                                    "total": 1.015554277999545,
                                                                    "count": 10182,
                                                                    "is_parallel": true,
                                                                    "self": 1.015554277999545
                                                                }
                                                            }
                                                        }
                                                    }
                                                }
                                            }
                                        }
                                    }
                                }
                            }
                        },
                        "trainer_advance": {
                            "total": 1.4151323739999988,
                            "count": 5091,
                            "self": 0.1837608430003037,
                            "children": {
                                "process_trajectory": {
                                    "total": 1.231371530999695,
                                    "count": 5091,
                                    "self": 1.231371530999695
                                }
                            }
                        }
                    }
                },