{"count":1,"self":1.7095369999999999,"total":2.2410609999999997,"children":{"InitializeActuators":{"count":2,"self":0.0015019999999999999,"total":0.0015019999999999999,"children":null},"InitializeSensors":{"count":2,"self":0.0015069999999999999,"total":0.0015069999999999999,"children":null},"AgentSendState":{"count":4342,"self":0.011228,"total":0.028645,"children":{"CollectObservations":{"count":219,"self":0.001486,"total":0.001486,"children":null},"WriteActionMask":{"count":219,"self":0.00062599999999999993,"total":0.00062599999999999993,"children":null},"RequestDecision":{"count":219,"self":0.0026999999999999997,"total":0.015305,"children":{"AgentInfo.ToProto":{"count":219,"self":0.002245,"total":0.012605,"children":{"GenerateSensorData":{"count":219,"self":0.01036,"total":0.01036,"children":null}}}}}}},"DecideAction":{"count":4342,"self":0.482429,"total":0.482429,"children":null},"AgentAct":{"count":4342,"self":0.016071,"total":0.016071,"children":null}},"gauges":{},"metadata":{"timer_format_version":"0.1.0","start_time_seconds":"1650956127","unity_version":"2020.3.19f1","command_line_arguments":"\/scratch\/as11919\/temporal-goals-in-games\/Builds\/Gym_View_26April22_Linux.x86_64 --mlagents-port 5007","communication_protocol_version":"1.5.0","com.unity.ml-agents_version":"2.2.1-exp.1","scene_name":"CompleteView","end_time_seconds":"1650956129"}}