{"count":1,"self":25720.256921599997,"total":29900.571165999998,"children":{"InitializeActuators":{"count":2,"self":0.001465,"total":0.001465,"children":null},"InitializeSensors":{"count":2,"self":0.0014479999999999999,"total":0.0014479999999999999,"children":null},"AgentSendState":{"count":66775271,"self":169.72200959999998,"total":278.678792,"children":{"CollectObservations":{"count":3338765,"self":11.8553904,"total":11.85539,"children":null},"WriteActionMask":{"count":3338765,"self":5.8737439999999994,"total":5.8737439999999994,"children":null},"RequestDecision":{"count":3338765,"self":12.893784799999999,"total":91.227652999999989,"children":{"AgentInfo.ToProto":{"count":3338765,"self":18.9375504,"total":78.333868,"children":{"GenerateSensorData":{"count":3338765,"self":59.396319999999996,"total":59.396316999999996,"children":null}}}}}}},"DecideAction":{"count":66775271,"self":3747.8690816,"total":3747.8692849999998,"children":null},"AgentAct":{"count":66775271,"self":153.7625856,"total":153.76259199999998,"children":null}},"gauges":{},"metadata":{"timer_format_version":"0.1.0","start_time_seconds":"1650956398","unity_version":"2020.3.19f1","command_line_arguments":"\/scratch\/as11919\/temporal-goals-in-games\/Builds\/Gym_View_26April22_Linux.x86_64 --mlagents-port 5007","communication_protocol_version":"1.5.0","com.unity.ml-agents_version":"2.2.1-exp.1","scene_name":"CompleteView","end_time_seconds":"1650986298"}}