{"count":1,"self":44343.263232,"total":49877.07071,"children":{"InitializeActuators":{"count":2,"self":0.001416,"total":0.001416,"children":null},"InitializeSensors":{"count":2,"self":0.001398,"total":0.001398,"children":null},"AgentSendState":{"count":99424486,"self":241.06885119999998,"total":379.45405,"children":{"CollectObservations":{"count":4971226,"self":15.8862656,"total":15.886265999999999,"children":null},"WriteActionMask":{"count":4971226,"self":7.6689368,"total":7.668937,"children":null},"RequestDecision":{"count":4971226,"self":17.7196416,"total":114.830006,"children":{"AgentInfo.ToProto":{"count":4971226,"self":23.656764799999998,"total":97.110365,"children":{"GenerateSensorData":{"count":4971226,"self":73.4536,"total":73.4536,"children":null}}}}}}},"DecideAction":{"count":99424486,"self":4943.8846975999995,"total":4943.8845519999995,"children":null},"AgentAct":{"count":99424486,"self":210.4657408,"total":210.46573899999999,"children":null}},"gauges":{},"metadata":{"timer_format_version":"0.1.0","start_time_seconds":"1651684990","unity_version":"2020.3.19f1","command_line_arguments":"\/scratch\/as11919\/temporal-goals-in-games\/Builds\/Gym_View_26April22_Linux.x86_64 --mlagents-port 5008","communication_protocol_version":"1.5.0","com.unity.ml-agents_version":"2.2.1-exp.1","scene_name":"CompleteView","end_time_seconds":"1651734867"}}