{"count":1,"self":44128.7770112,"total":50405.732391,"children":{"InitializeActuators":{"count":2,"self":0.001503,"total":0.001503,"children":null},"InitializeSensors":{"count":2,"self":0.001455,"total":0.001455,"children":null},"AgentSendState":{"count":100305152,"self":248.3920384,"total":401.24866099999997,"children":{"CollectObservations":{"count":5015259,"self":16.871382399999998,"total":16.871382,"children":null},"WriteActionMask":{"count":5015259,"self":8.185566399999999,"total":8.185566,"children":null},"RequestDecision":{"count":5015259,"self":19.0802272,"total":127.799679,"children":{"AgentInfo.ToProto":{"count":5015259,"self":26.956860799999998,"total":108.71945199999999,"children":{"GenerateSensorData":{"count":5015259,"self":81.762592,"total":81.762591,"children":null}}}}}}},"DecideAction":{"count":100305152,"self":5648.6027263999995,"total":5648.602569,"children":null},"AgentAct":{"count":100305152,"self":227.101184,"total":227.101179,"children":null}},"gauges":{},"metadata":{"timer_format_version":"0.1.0","start_time_seconds":"1650956398","unity_version":"2020.3.19f1","command_line_arguments":"\/scratch\/as11919\/temporal-goals-in-games\/Builds\/Gym_View_26April22_Linux.x86_64 --mlagents-port 5008","communication_protocol_version":"1.5.0","com.unity.ml-agents_version":"2.2.1-exp.1","scene_name":"CompleteView","end_time_seconds":"1651006803"}}