{"count":1,"self":15.822142399999999,"total":22.526909999999997,"children":{"InitializeActuators":{"count":2,"self":0.0019779999999999997,"total":0.0019779999999999997,"children":null},"InitializeSensors":{"count":2,"self":0.001545,"total":0.001545,"children":null},"AgentSendState":{"count":55022,"self":0.126239,"total":0.263876,"children":{"CollectObservations":{"count":2753,"self":0.012367,"total":0.012367,"children":null},"WriteActionMask":{"count":2753,"self":0.0058049999999999994,"total":0.0058049999999999994,"children":null},"RequestDecision":{"count":2753,"self":0.014215,"total":0.11946499999999999,"children":{"AgentInfo.ToProto":{"count":2753,"self":0.021821,"total":0.10525,"children":{"GenerateSensorData":{"count":2753,"self":0.083429,"total":0.083429,"children":null}}}}}}},"DecideAction":{"count":55022,"self":6.2679328,"total":6.2679329999999993,"children":null},"AgentAct":{"count":55022,"self":0.168068,"total":0.168068,"children":null}},"gauges":{},"metadata":{"timer_format_version":"0.1.0","start_time_seconds":"1651233435","unity_version":"2020.3.19f1","command_line_arguments":"\/scratch\/as11919\/temporal-goals-in-games\/Builds\/Gym_View_26April22_Linux.x86_64 --mlagents-port 5008","communication_protocol_version":"1.5.0","com.unity.ml-agents_version":"2.2.1-exp.1","scene_name":"CompleteView","end_time_seconds":"1651233457"}}