{"count":1,"self":3654.1919232,"total":4338.1027749999994,"children":{"InitializeActuators":{"count":2,"self":0.0015429999999999999,"total":0.0015429999999999999,"children":null},"InitializeSensors":{"count":2,"self":0.0015379999999999999,"total":0.0015379999999999999,"children":null},"AgentSendState":{"count":10842782,"self":27.208,"total":44.952459,"children":{"CollectObservations":{"count":542141,"self":1.735368,"total":1.735368,"children":null},"WriteActionMask":{"count":542141,"self":0.90467,"total":0.90467,"children":null},"RequestDecision":{"count":542141,"self":2.0809889999999998,"total":15.104422,"children":{"AgentInfo.ToProto":{"count":542141,"self":3.0050559999999997,"total":13.023432999999999,"children":{"GenerateSensorData":{"count":542141,"self":10.0183768,"total":10.018377,"children":null}}}}}}},"DecideAction":{"count":10842782,"self":613.62611199999992,"total":613.62610699999993,"children":null},"AgentAct":{"count":10842782,"self":25.328191999999998,"total":25.328191999999998,"children":null}},"gauges":{},"metadata":{"timer_format_version":"0.1.0","start_time_seconds":"1651233872","unity_version":"2020.3.19f1","command_line_arguments":"\/scratch\/as11919\/temporal-goals-in-games\/Builds\/Gym_View_26April22_Linux.x86_64 --mlagents-port 5008","communication_protocol_version":"1.5.0","com.unity.ml-agents_version":"2.2.1-exp.1","scene_name":"CompleteView","end_time_seconds":"1651238210"}}