{
    "name": "root",
    "metadata": {
        "timer_format_version": "0.1.0",
        "start_time_seconds": "1649804803",
        "python_version": "3.8.2 (default, Mar 26 2020, 10:43:30) \n[Clang 4.0.1 (tags/RELEASE_401/final)]",
        "command_line_arguments": "/opt/anaconda3/envs/introml_conda/bin/mlagents-learn --force",
        "mlagents_version": "0.28.0",
        "mlagents_envs_version": "0.28.0",
        "communication_protocol_version": "1.5.0",
        "pytorch_version": "1.8.1",
        "numpy_version": "1.20.3",
        "end_time_seconds": "1649804885"
    },
    "total": 81.945565432,
    "count": 1,
    "self": 10.017089322000004,
    "children": {
        "run_training.setup": {
            "total": 0.1509390220000002,
            "count": 1,
            "self": 0.1509390220000002
        },
        "TrainerController.start_learning": {
            "total": 71.77753708799999,
            "count": 1,
            "self": 0.11579427200004488,
            "children": {
                "TrainerController._reset_env": {
                    "total": 11.904079371,
                    "count": 1,
                    "self": 11.904079371
                },
                "TrainerController.advance": {
                    "total": 59.439642037999946,
                    "count": 4551,
                    "self": 0.10330819099979038,
                    "children": {
                        "env_step": {
                            "total": 58.868748196000226,
                            "count": 4551,
                            "self": 51.24628010200013,
                            "children": {
                                "SubprocessEnvManager._take_step": {
                                    "total": 7.550247861000354,
                                    "count": 4552,
                                    "self": 0.2955989950005744,
                                    "children": {
                                        "TorchPolicy.evaluate": {
                                            "total": 7.25464886599978,
                                            "count": 4552,
                                            "self": 1.5650985939998776,
                                            "children": {
                                                "TorchPolicy.sample_actions": {
                                                    "total": 5.689550271999902,
                                                    "count": 4552,
                                                    "self": 5.689550271999902
                                                }
                                            }
                                        }
                                    }
                                },
                                "workers": {
                                    "total": 0.07222023299974367,
                                    "count": 4550,
                                    "self": 0.0,
                                    "children": {
                                        "worker_root": {
                                            "total": 32.18832780699965,
                                            "count": 4550,
                                            "is_parallel": true,
                                            "self": 13.529969862999536,
                                            "children": {
                                                "steps_from_proto": {
                                                    "total": 0.0011574909999989558,
                                                    "count": 2,
                                                    "is_parallel": true,
                                                    "self": 0.0007546369999982261,
                                                    "children": {
                                                        "_process_rank_one_or_two_observation": {
                                                            "total": 0.0004028540000007297,
                                                            "count": 4,
                                                            "is_parallel": true,
                                                            "self": 0.0004028540000007297
                                                        }
                                                    }
                                                },
                                                "UnityEnvironment.step": {
                                                    "total": 18.65720045300012,
                                                    "count": 4550,
                                                    "is_parallel": true,
                                                    "self": 0.5221911990002361,
                                                    "children": {
                                                        "UnityEnvironment._generate_step_input": {
                                                            "total": 0.43725247600015216,
                                                            "count": 4550,
                                                            "is_parallel": true,
                                                            "self": 0.43725247600015216
                                                        },
                                                        "communicator.exchange": {
                                                            "total": 15.83854863000002,
                                                            "count": 4550,
                                                            "is_parallel": true,
                                                            "self": 15.83854863000002
                                                        },
                                                        "steps_from_proto": {
                                                            "total": 1.859208147999711,
                                                            "count": 4550,
                                                            "is_parallel": true,
                                                            "self": 1.2166500429996336,
                                                            "children": {
                                                                "_process_rank_one_or_two_observation": {
                                                                    "total": 0.6425581050000773,
                                                                    "count": 9100,
                                                                    "is_parallel": true,
                                                                    "self": 0.6425581050000773
                                                                }
                                                            }
                                                        }
                                                    }
                                                }
                                            }
                                        }
                                    }
                                }
                            }
                        },
                        "trainer_advance": {
                            "total": 0.4675856509999292,
                            "count": 4550,
                            "self": 0.12744209199976453,
                            "children": {
                                "process_trajectory": {
                                    "total": 0.3401435590001647,
                                    "count": 4550,
                                    "self": 0.3401435590001647
                                }
                            }
                        }
                    }
                },