{
    "name": "root",
    "metadata": {
        "timer_format_version": "0.1.0",
        "start_time_seconds": "1649806050",
        "python_version": "3.8.2 (default, Mar 26 2020, 10:43:30) \n[Clang 4.0.1 (tags/RELEASE_401/final)]",
        "command_line_arguments": "/opt/anaconda3/envs/introml_conda/bin/mlagents-learn --force",
        "mlagents_version": "0.28.0",
        "mlagents_envs_version": "0.28.0",
        "communication_protocol_version": "1.5.0",
        "pytorch_version": "1.8.1",
        "numpy_version": "1.20.3",
        "end_time_seconds": "1649806161"
    },
    "total": 110.888476945,
    "count": 1,
    "self": 0.012716384999990282,
    "children": {
        "run_training.setup": {
            "total": 0.168663993,
            "count": 1,
            "self": 0.168663993
        },
        "TrainerController.start_learning": {
            "total": 110.70709656700001,
            "count": 1,
            "self": 0.1416106859999644,
            "children": {
                "TrainerController._reset_env": {
                    "total": 8.326097829,
                    "count": 1,
                    "self": 8.326097829
                },
                "TrainerController.advance": {
                    "total": 101.95248568700003,
                    "count": 4684,
                    "self": 0.11529270100004396,
                    "children": {
                        "env_step": {
                            "total": 95.31854373899984,
                            "count": 4684,
                            "self": 88.24116200499988,
                            "children": {
                                "SubprocessEnvManager._take_step": {
                                    "total": 7.00716727300018,
                                    "count": 4684,
                                    "self": 0.30544472800034406,
                                    "children": {
                                        "TorchPolicy.evaluate": {
                                            "total": 6.701722544999836,
                                            "count": 4684,
                                            "self": 1.3581257620000606,
                                            "children": {
                                                "TorchPolicy.sample_actions": {
                                                    "total": 5.343596782999775,
                                                    "count": 4684,
                                                    "self": 5.343596782999775
                                                }
                                            }
                                        }
                                    }
                                },
                                "workers": {
                                    "total": 0.07021446099977346,
                                    "count": 4683,
                                    "self": 0.0,
                                    "children": {
                                        "worker_root": {
                                            "total": 38.68493518499998,
                                            "count": 4683,
                                            "is_parallel": true,
                                            "self": 19.36056488599987,
                                            "children": {
                                                "steps_from_proto": {
                                                    "total": 0.0043329960000004775,
                                                    "count": 1,
                                                    "is_parallel": true,
                                                    "self": 0.002124069999998923,
                                                    "children": {
                                                        "_process_rank_one_or_two_observation": {
                                                            "total": 0.0022089260000015543,
                                                            "count": 2,
                                                            "is_parallel": true,
                                                            "self": 0.0022089260000015543
                                                        }
                                                    }
                                                },
                                                "UnityEnvironment.step": {
                                                    "total": 19.320037303000106,
                                                    "count": 4683,
                                                    "is_parallel": true,
                                                    "self": 0.5605760439996033,
                                                    "children": {
                                                        "UnityEnvironment._generate_step_input": {
                                                            "total": 0.44606157800015644,
                                                            "count": 4683,
                                                            "is_parallel": true,
                                                            "self": 0.44606157800015644
                                                        },
                                                        "communicator.exchange": {
                                                            "total": 16.04113596700018,
                                                            "count": 4683,
                                                            "is_parallel": true,
                                                            "self": 16.04113596700018
                                                        },
                                                        "steps_from_proto": {
                                                            "total": 2.272263714000168,
                                                            "count": 4683,
                                                            "is_parallel": true,
                                                            "self": 1.3708835680001954,
                                                            "children": {
                                                                "_process_rank_one_or_two_observation": {
                                                                    "total": 0.9013801459999726,
                                                                    "count": 9366,
                                                                    "is_parallel": true,
                                                                    "self": 0.9013801459999726
                                                                }
                                                            }
                                                        }
                                                    }
                                                }
                                            }
                                        }
                                    }
                                }
                            }
                        },
                        "trainer_advance": {
                            "total": 6.518649247000155,
                            "count": 4683,
                            "self": 0.1156044290002729,
                            "children": {
                                "process_trajectory": {
                                    "total": 6.4030448179998825,
                                    "count": 4683,
                                    "self": 6.4030448179998825
                                }
                            }
                        }
                    }
                },