{
    "name": "root",
    "metadata": {
        "timer_format_version": "0.1.0",
        "start_time_seconds": "1649805193",
        "python_version": "3.8.2 (default, Mar 26 2020, 10:43:30) \n[Clang 4.0.1 (tags/RELEASE_401/final)]",
        "command_line_arguments": "/opt/anaconda3/envs/introml_conda/bin/mlagents-learn --force",
        "mlagents_version": "0.28.0",
        "mlagents_envs_version": "0.28.0",
        "communication_protocol_version": "1.5.0",
        "pytorch_version": "1.8.1",
        "numpy_version": "1.20.3",
        "end_time_seconds": "1649805340"
    },
    "total": 146.391371784,
    "count": 1,
    "self": 0.007663446999998769,
    "children": {
        "run_training.setup": {
            "total": 0.1675592130000001,
            "count": 1,
            "self": 0.1675592130000001
        },
        "TrainerController.start_learning": {
            "total": 146.216149124,
            "count": 1,
            "self": 0.2418770290001362,
            "children": {
                "TrainerController._reset_env": {
                    "total": 9.989062807,
                    "count": 1,
                    "self": 9.989062807
                },
                "TrainerController.advance": {
                    "total": 135.55753658799983,
                    "count": 10034,
                    "self": 0.2293828710005812,
                    "children": {
                        "env_step": {
                            "total": 134.16066512899923,
                            "count": 10034,
                            "self": 116.43453853799832,
                            "children": {
                                "SubprocessEnvManager._take_step": {
                                    "total": 17.56036770800106,
                                    "count": 10034,
                                    "self": 0.7376136960012971,
                                    "children": {
                                        "TorchPolicy.evaluate": {
                                            "total": 16.822754011999763,
                                            "count": 10034,
                                            "self": 3.6333753189994713,
                                            "children": {
                                                "TorchPolicy.sample_actions": {
                                                    "total": 13.189378693000291,
                                                    "count": 10034,
                                                    "self": 13.189378693000291
                                                }
                                            }
                                        }
                                    }
                                },
                                "workers": {
                                    "total": 0.16575888299984243,
                                    "count": 10033,
                                    "self": 0.0,
                                    "children": {
                                        "worker_root": {
                                            "total": 73.38480793299915,
                                            "count": 10033,
                                            "is_parallel": true,
                                            "self": 31.878381717999424,
                                            "children": {
                                                "steps_from_proto": {
                                                    "total": 0.0005048409999997006,
                                                    "count": 1,
                                                    "is_parallel": true,
                                                    "self": 0.00029128999999983307,
                                                    "children": {
                                                        "_process_rank_one_or_two_observation": {
                                                            "total": 0.00021355099999986749,
                                                            "count": 2,
                                                            "is_parallel": true,
                                                            "self": 0.00021355099999986749
                                                        }
                                                    }
                                                },
                                                "UnityEnvironment.step": {
                                                    "total": 41.505921373999726,
                                                    "count": 10033,
                                                    "is_parallel": true,
                                                    "self": 1.1979349199986586,
                                                    "children": {
                                                        "UnityEnvironment._generate_step_input": {
                                                            "total": 1.0174010180001574,
                                                            "count": 10033,
                                                            "is_parallel": true,
                                                            "self": 1.0174010180001574
                                                        },
                                                        "communicator.exchange": {
                                                            "total": 35.19765949200069,
                                                            "count": 10033,
                                                            "is_parallel": true,
                                                            "self": 35.19765949200069
                                                        },
                                                        "steps_from_proto": {
                                                            "total": 4.092925944000225,
                                                            "count": 10033,
                                                            "is_parallel": true,
                                                            "self": 2.6713646390005046,
                                                            "children": {
                                                                "_process_rank_one_or_two_observation": {
                                                                    "total": 1.4215613049997202,
                                                                    "count": 20066,
                                                                    "is_parallel": true,
                                                                    "self": 1.4215613049997202
                                                                }
                                                            }
                                                        }
                                                    }
                                                }
                                            }
                                        }
                                    }
                                }
                            }
                        },
                        "trainer_advance": {
                            "total": 1.167488588000035,
                            "count": 10033,
                            "self": 0.32429498700007287,
                            "children": {
                                "process_trajectory": {
                                    "total": 0.8431936009999621,
                                    "count": 10033,
                                    "self": 0.8431936009999621
                                }
                            }
                        }
                    }
                },