{
    "name": "root",
    "metadata": {
        "timer_format_version": "0.1.0",
        "start_time_seconds": "1649867675",
        "python_version": "3.8.2 (default, Mar 26 2020, 10:43:30) \n[Clang 4.0.1 (tags/RELEASE_401/final)]",
        "command_line_arguments": "/opt/anaconda3/envs/introml_conda/bin/mlagents-learn --force",
        "mlagents_version": "0.28.0",
        "mlagents_envs_version": "0.28.0",
        "communication_protocol_version": "1.5.0",
        "pytorch_version": "1.8.1",
        "numpy_version": "1.20.3",
        "end_time_seconds": "1649867805"
    },
    "total": 130.860648256,
    "count": 1,
    "self": 0.007642637999992985,
    "children": {
        "run_training.setup": {
            "total": 0.2595705109999997,
            "count": 1,
            "self": 0.2595705109999997
        },
        "TrainerController.start_learning": {
            "total": 130.593435107,
            "count": 1,
            "self": 0.0908042210001554,
            "children": {
                "TrainerController._reset_env": {
                    "total": 13.95738223,
                    "count": 1,
                    "self": 13.95738223
                },
                "TrainerController.advance": {
                    "total": 116.23338323599984,
                    "count": 2755,
                    "self": 0.0794208929993232,
                    "children": {
                        "env_step": {
                            "total": 114.34468075700033,
                            "count": 2755,
                            "self": 110.49146801200048,
                            "children": {
                                "SubprocessEnvManager._take_step": {
                                    "total": 3.7985767309998266,
                                    "count": 2755,
                                    "self": 0.1735706059997959,
                                    "children": {
                                        "TorchPolicy.evaluate": {
                                            "total": 3.6250061250000307,
                                            "count": 1901,
                                            "self": 0.8305800439999835,
                                            "children": {
                                                "TorchPolicy.sample_actions": {
                                                    "total": 2.794426081000047,
                                                    "count": 1901,
                                                    "self": 2.794426081000047
                                                }
                                            }
                                        }
                                    }
                                },
                                "workers": {
                                    "total": 0.05463601400002105,
                                    "count": 2754,
                                    "self": 0.0,
                                    "children": {
                                        "worker_root": {
                                            "total": 51.36645851700002,
                                            "count": 2754,
                                            "is_parallel": true,
                                            "self": 9.676902253999941,
                                            "children": {
                                                "steps_from_proto": {
                                                    "total": 0.002249525999999946,
                                                    "count": 1,
                                                    "is_parallel": true,
                                                    "self": 0.0013212789999990093,
                                                    "children": {
                                                        "_process_rank_one_or_two_observation": {
                                                            "total": 0.0009282470000009369,
                                                            "count": 2,
                                                            "is_parallel": true,
                                                            "self": 0.0009282470000009369
                                                        }
                                                    }
                                                },
                                                "UnityEnvironment.step": {
                                                    "total": 41.68730673700008,
                                                    "count": 2754,
                                                    "is_parallel": true,
                                                    "self": 0.4869001470002061,
                                                    "children": {
                                                        "UnityEnvironment._generate_step_input": {
                                                            "total": 0.2955843679999326,
                                                            "count": 2754,
                                                            "is_parallel": true,
                                                            "self": 0.2955843679999326
                                                        },
                                                        "communicator.exchange": {
                                                            "total": 39.486098327000015,
                                                            "count": 2754,
                                                            "is_parallel": true,
                                                            "self": 39.486098327000015
                                                        },
                                                        "steps_from_proto": {
                                                            "total": 1.4187238949999248,
                                                            "count": 2754,
                                                            "is_parallel": true,
                                                            "self": 0.903273222999923,
                                                            "children": {
                                                                "_process_rank_one_or_two_observation": {
                                                                    "total": 0.5154506720000018,
                                                                    "count": 5508,
                                                                    "is_parallel": true,
                                                                    "self": 0.5154506720000018
                                                                }
                                                            }
                                                        }
                                                    }
                                                }
                                            }
                                        }
                                    }
                                }
                            }
                        },
                        "trainer_advance": {
                            "total": 1.8092815860001856,
                            "count": 2754,
                            "self": 0.09872126900025435,
                            "children": {
                                "process_trajectory": {
                                    "total": 1.7105603169999313,
                                    "count": 2754,
                                    "self": 1.7105603169999313
                                }
                            }
                        }
                    }
                },