{"count":1,"self":11.0739568,"total":253.30665199999999,"children":{"InitializeActuators":{"count":2,"self":0.0057599999999999995,"total":0.0057599999999999995,"children":null},"InitializeSensors":{"count":2,"self":0.00597,"total":0.00597,"children":null},"AgentSendState":{"count":306,"self":0.011576999999999999,"total":0.057895999999999996,"children":{"CollectObservations":{"count":20,"self":0.0017959999999999999,"total":0.0017959999999999999,"children":null},"WriteActionMask":{"count":20,"self":0.00039,"total":0.00039,"children":null},"RequestDecision":{"count":20,"self":0.0045899999999999995,"total":0.044133,"children":{"AgentInfo.ToProto":{"count":20,"self":0.001535,"total":0.039542999999999995,"children":{"GenerateSensorData":{"count":20,"self":0.038008,"total":0.038008,"children":null}}}}}}},"DecideAction":{"count":306,"self":242.1462272,"total":242.14622699999998,"children":null},"AgentAct":{"count":306,"self":0.013380999999999999,"total":0.013380999999999999,"children":null}},"gauges":{},"metadata":{"timer_format_version":"0.1.0","start_time_seconds":"1651781512","unity_version":"2020.3.19f1","command_line_arguments":"\/Users\/aditya\/Documents\/GitHub\/game_creation_research\/Object Physics Sandbox\/Code\/..\/Builds\/Gym_View_25April22.app\/Contents\/MacOS\/Object Physics Sandbox --mlagents-port 5005","communication_protocol_version":"1.5.0","com.unity.ml-agents_version":"2.2.1-exp.1","scene_name":"CompleteView","end_time_seconds":"1651781765"}}