{"count":1,"self":172.78256639999998,"total":194.184924,"children":{"InitializeActuators":{"count":2,"self":0.002003,"total":0.002003,"children":null},"InitializeSensors":{"count":2,"self":0.001898,"total":0.001898,"children":null},"AgentSendState":{"count":2322,"self":0.062432999999999995,"total":0.093509,"children":{"CollectObservations":{"count":118,"self":0.0029549999999999997,"total":0.0029549999999999997,"children":null},"WriteActionMask":{"count":118,"self":0.00078599999999999991,"total":0.00078599999999999991,"children":null},"RequestDecision":{"count":118,"self":0.0048179999999999994,"total":0.027334999999999998,"children":{"AgentInfo.ToProto":{"count":118,"self":0.004573,"total":0.022517,"children":{"GenerateSensorData":{"count":118,"self":0.017943999999999998,"total":0.017943999999999998,"children":null}}}}}}},"DecideAction":{"count":2322,"self":21.270830399999998,"total":21.270830999999998,"children":null},"AgentAct":{"count":2322,"self":0.032355999999999996,"total":0.032355999999999996,"children":null}},"gauges":{},"metadata":{"timer_format_version":"0.1.0","start_time_seconds":"1650993158","unity_version":"2020.3.19f1","command_line_arguments":"\/Users\/aditya\/Documents\/GitHub\/game_creation_research\/Object Physics Sandbox\/Code\/..\/Builds\/Gym_View_25April22.app\/Contents\/MacOS\/Object Physics Sandbox --mlagents-port 5005","communication_protocol_version":"1.5.0","com.unity.ml-agents_version":"2.2.1-exp.1","scene_name":"CompleteView","end_time_seconds":"1650993352"}}